airline_name,headquarters,contact_number
Beck-Carroll,Maryfurt,(584)229-1841
Welch Group,Port Jenniferchester,+1-969-780-1316x723
"Johnson, Jones and Henderson",South Timothy,(622)649-4240x50260
Mitchell-Roman,Rowestad,(977)994-8434
"Fowler, Chan and Herrera",West Julieside,7079292381
Salazar Inc,Lake Mirandaport,(396)476-4265x20245
"Davis, Anderson and Baker",Taylorbury,894.515.5084
Ramos Ltd,Summerschester,001-844-458-0552x7429
"Tucker, Galvan and Wright",Owensborough,796-302-7896
Weaver-Chen,Solomonfurt,+1-942-977-7771x815
Kemp-Salas,South Zachary,001-502-667-5268x23072
Mason Group,Jesusside,736-559-5319
"Wilson, Wagner and Garcia",Webbbury,001-702-897-2591
Hall-Buck,Debbieville,001-996-626-0510x50515
Smith-Jones,Gutierrezport,364-495-8077x23737
Johnson PLC,Hamiltonfurt,485.756.8199
Cox-Murray,West Kirkshire,+1-561-804-3725
Prince-Reeves,New Matthew,(795)746-8667
Knight Inc,Joshuafort,679.230.9330
Parker PLC,Karenton,578-414-9309x8666
"Murphy, Wheeler and Knight",Paulshire,(316)605-4416
"Johnston, Tapia and Hopkins",South Phillipland,715.846.1439x9542
Goodman Inc,South Timothy,001-317-607-7603x8822
Evans Ltd,Wattsside,598-799-9949x964
"Miller, Scott and Martin",Port Laurenside,714.331.8271x039
Collins-Austin,South Karen,669.776.3464x915
"Shields, Bailey and Hawkins",South Alexandra,(564)387-1990
Neal LLC,North Scottchester,9737073398
Diaz Group,Marystad,+1-934-588-7113x570
Nguyen Inc,Terryburgh,495-826-5212x8461
Reynolds-Gill,West Laura,630.509.9398
Jenkins-Powers,East Dillon,444-996-9201
Jenkins-Reid,Millerfurt,001-622-575-6483x52245
Jackson-Fox,Lauriehaven,415.852.5405x69334
"Olson, Crawford and Miller",Collinschester,4425613891
Bean-Morgan,Arielland,(602)208-5982
Lawson-Obrien,Lopezport,698-750-5922x52812
"Reyes, Leon and Washington",West Victoriaport,(302)625-6753x531
Warner-Rios,Stevensberg,(592)934-5654x18450
Chang LLC,Craigfort,001-905-367-4505x618
Gonzalez-Miller,East Aaron,001-365-511-1536x56019
"Taylor, Cuevas and Horne",Mccartymouth,684.855.6149x720
Thomas-Kirk,Sarahfort,731-623-0514x980
"Charles, Cummings and Jones",Port Linda,600-312-6105
"Bernard, Sosa and Dixon",Sanchezport,+1-679-655-0265
Klein-Newton,Jessicafurt,(832)249-0065x30054
"Hodges, Jackson and Rowe",New Rachel,387-793-3152x0417
Petersen LLC,Amandaville,768-666-1959x0237
"Wilson, Wright and Decker",West Taylorchester,+1-722-522-1268x22334
Park-Hartman,Penaland,001-599-264-9853
Rodriguez-Sanchez,East Samanthaton,001-666-417-0946x893
"Benton, Bailey and Hopkins",Mcguirefort,+1-794-773-6165x2802
Wong-Lopez,East Jeromefurt,525-331-7304
Gonzalez Group,North Andrew,953.458.0868
"Roberts, Gibson and Lamb",West Tracyborough,+1-355-790-9761x1201
Kerr Ltd,Brooksview,276.418.4248x250
Mcdonald Ltd,Lake Timothy,+1-596-305-2602
"Glass, Evans and Morgan",Zacharyshire,+1-844-412-7166
Ball-Rogers,Smithhaven,(533)339-8727
"Liu, Reyes and Watson",North Shawn,(485)936-0828x011
Jacobs-Morrison,Perkinsfurt,001-433-416-2464x6558
Bell-Fisher,Allenton,654.225.1627x37090
Zamora PLC,Laratown,001-559-650-9770x665
Alvarado-Gonzalez,Lake Stevenburgh,785-565-5325
"Sanchez, Wilson and Rosario",North Christopher,001-843-346-7898x13683
Hogan-Lopez,South Ricardoland,(484)587-7707x59997
Anderson-Stephens,Port Lauriefort,363.242.1081
Chen-Rodriguez,West Paulberg,(833)260-4164x897
Moore-Thompson,New Lisa,+1-768-235-7539x822
"Guerrero, Schmidt and Mason",New Samuel,001-216-244-8727x9358
Lee-Avila,West Aaron,(734)776-2439x612
Smith-White,Oconnellshire,639-923-9978
Rivera-Baker,East Jamesview,8789841190
Craig LLC,Nicoleview,4655829586
Jackson-Perkins,Port Mary,(876)979-4851
"Johnson, Olsen and Marshall",West Nicolas,9492678303
Morris-Gomez,Joshuafort,(512)860-5759
Phillips and Sons,Brianstad,001-960-266-3620x644
Dickerson Inc,Grantstad,622-779-5783x8970
"Jones, Graham and Johnson",Allenview,+1-692-755-4597
Goodwin-Lee,New Austinchester,(569)779-4007x97364
"Nolan, Graves and Rodriguez",Jamesburgh,407-351-7398
Hill PLC,Johnnybury,001-935-912-6851x7411
Newton-Harris,Port Tonyaview,001-276-808-4803x8639
Riley-Friedman,Stephaniestad,+1-829-747-9666x351
"Barron, Freeman and Maddox",Daviston,001-482-248-0933x29046
Welch Group,West Brett,962-956-8699x1900
"Mitchell, Rivers and Fleming",North Paulabury,+1-635-475-0727x4416
"Palmer, Fry and Phelps",New Travis,277-927-6196
"Griffin, Thomas and Wiggins",South Melissaland,7239224992
